{\rtf1\ansi\ansicpg1252\cocoartf2706
\cocoatextscaling0\cocoaplatform0{\fonttbl\f0\fnil\fcharset0 .AppleSystemUIFontMonospaced-Regular;}
{\colortbl;\red255\green255\blue255;\red24\green26\blue30;\red255\green255\blue255;\red109\green109\blue109;
}
{\*\expandedcolortbl;;\cssrgb\c12157\c13725\c15686;\cssrgb\c100000\c100000\c100000;\cssrgb\c50196\c50196\c50196;
}
\paperw11900\paperh16840\margl1440\margr1440\vieww11520\viewh8400\viewkind0
\deftab720

\itap1\trowd \taflags1 \trgaph108\trleft-108 \trcbpat3 \trbrdrt\brdrnil \trbrdrl\brdrnil \trbrdrr\brdrnil 
\clvertalt \clshdrawnil \clwWidth1000\clftsWidth3 \clbrdrt\brdrnil \clbrdrl\brdrnil \clbrdrb\brdrnil \clbrdrr\brdrnil \clpadl200 \clpadr200 \gaph\cellx4320
\clmrg \clvertalt \clshdrawnil \clwWidth1000\clftsWidth3 \clbrdrt\brdrnil \clbrdrl\brdrnil \clbrdrb\brdrnil \clbrdrr\brdrnil \clpadl200 \clpadr200 \gaph\cellx8640
\pard\intbl\itap1\pardeftab720\partightenfactor0

\f0\fs24 \cf2 \expnd0\expndtw0\kerning0
\outl0\strokewidth0 \strokec2 [\cell 
\pard\intbl\itap1\cell \row

\itap1\trowd \taflags1 \trgaph108\trleft-108 \trcbpat3 \trbrdrl\brdrnil \trbrdrr\brdrnil 
\clvertalt \clshdrawnil \clwWidth1000\clftsWidth3 \clminw1000 \clbrdrt\brdrnil \clbrdrl\brdrnil \clbrdrb\brdrnil \clbrdrr\brdrnil \clpadl200 \clpadr200 \gaph\cellx4320
\clvertalt \clshdrawnil \clwWidth69387\clftsWidth3 \clbrdrt\brdrnil \clbrdrl\brdrnil \clbrdrb\brdrnil \clbrdrr\brdrnil \clpadl200 \clpadr200 \gaph\cellx8640
\pard\intbl\itap1\pardeftab720\qr\partightenfactor0
\cf2 \cell 
\pard\intbl\itap1\pardeftab720\partightenfactor0
\cf2     \{   \cell \row

\itap1\trowd \taflags1 \trgaph108\trleft-108 \trcbpat3 \trbrdrl\brdrnil \trbrdrr\brdrnil 
\clvertalt \clshdrawnil \clwWidth1000\clftsWidth3 \clminw1000 \clbrdrt\brdrnil \clbrdrl\brdrnil \clbrdrb\brdrnil \clbrdrr\brdrnil \clpadl200 \clpadr200 \gaph\cellx4320
\clvertalt \clshdrawnil \clwWidth69387\clftsWidth3 \clbrdrt\brdrnil \clbrdrl\brdrnil \clbrdrb\brdrnil \clbrdrr\brdrnil \clpadl200 \clpadr200 \gaph\cellx8640
\pard\intbl\itap1\pardeftab720\qr\partightenfactor0
\cf2 \cell 
\pard\intbl\itap1\pardeftab720\partightenfactor0
\cf2     "nome": "Web Development Bootcamp",\cell \row

\itap1\trowd \taflags1 \trgaph108\trleft-108 \trcbpat3 \trbrdrl\brdrnil \trbrdrr\brdrnil 
\clvertalt \clshdrawnil \clwWidth1000\clftsWidth3 \clminw1000 \clbrdrt\brdrnil \clbrdrl\brdrnil \clbrdrb\brdrnil \clbrdrr\brdrnil \clpadl200 \clpadr200 \gaph\cellx4320
\clvertalt \clshdrawnil \clwWidth69387\clftsWidth3 \clbrdrt\brdrnil \clbrdrl\brdrnil \clbrdrb\brdrnil \clbrdrr\brdrnil \clpadl200 \clpadr200 \gaph\cellx8640
\pard\intbl\itap1\pardeftab720\qr\partightenfactor0
\cf2 \cell 
\pard\intbl\itap1\pardeftab720\partightenfactor0
\cf2     "idCurso": "1",\cell \row

\itap1\trowd \taflags1 \trgaph108\trleft-108 \trcbpat3 \trbrdrl\brdrnil \trbrdrr\brdrnil 
\clvertalt \clshdrawnil \clwWidth1000\clftsWidth3 \clminw1000 \clbrdrt\brdrnil \clbrdrl\brdrnil \clbrdrb\brdrnil \clbrdrr\brdrnil \clpadl200 \clpadr200 \gaph\cellx4320
\clvertalt \clshdrawnil \clwWidth69387\clftsWidth3 \clbrdrt\brdrnil \clbrdrl\brdrnil \clbrdrb\brdrnil \clbrdrr\brdrnil \clpadl200 \clpadr200 \gaph\cellx8640
\pard\intbl\itap1\pardeftab720\qr\partightenfactor0
\cf2 \cell 
\pard\intbl\itap1\pardeftab720\partightenfactor0
\cf2     "formaRealizacao": "EAD",\cell \row

\itap1\trowd \taflags1 \trgaph108\trleft-108 \trcbpat3 \trbrdrl\brdrnil \trbrdrr\brdrnil 
\clvertalt \clshdrawnil \clwWidth1000\clftsWidth3 \clminw1000 \clbrdrt\brdrnil \clbrdrl\brdrnil \clbrdrb\brdrnil \clbrdrr\brdrnil \clpadl200 \clpadr200 \gaph\cellx4320
\clvertalt \clshdrawnil \clwWidth69387\clftsWidth3 \clbrdrt\brdrnil \clbrdrl\brdrnil \clbrdrb\brdrnil \clbrdrr\brdrnil \clpadl200 \clpadr200 \gaph\cellx8640
\pard\intbl\itap1\pardeftab720\qr\partightenfactor0
\cf2 \cell 
\pard\intbl\itap1\pardeftab720\partightenfactor0
\cf2     "foto": "https://abctreinamentos.com.br/imgs/cursos/webdevelopment.png",\cell \row

\itap1\trowd \taflags1 \trgaph108\trleft-108 \trcbpat3 \trbrdrl\brdrnil \trbrdrr\brdrnil 
\clvertalt \clshdrawnil \clwWidth1000\clftsWidth3 \clminw1000 \clbrdrt\brdrnil \clbrdrl\brdrnil \clbrdrb\brdrnil \clbrdrr\brdrnil \clpadl200 \clpadr200 \gaph\cellx4320
\clvertalt \clshdrawnil \clwWidth69387\clftsWidth3 \clbrdrt\brdrnil \clbrdrl\brdrnil \clbrdrb\brdrnil \clbrdrr\brdrnil \clpadl200 \clpadr200 \gaph\cellx8640
\pard\intbl\itap1\pardeftab720\qr\partightenfactor0
\cf2 \cell 
\pard\intbl\itap1\pardeftab720\partightenfactor0
\cf2     "local": "Virtual",\cell \row

\itap1\trowd \taflags1 \trgaph108\trleft-108 \trcbpat3 \trbrdrl\brdrnil \trbrdrr\brdrnil 
\clvertalt \clshdrawnil \clwWidth1000\clftsWidth3 \clminw1000 \clbrdrt\brdrnil \clbrdrl\brdrnil \clbrdrb\brdrnil \clbrdrr\brdrnil \clpadl200 \clpadr200 \gaph\cellx4320
\clvertalt \clshdrawnil \clwWidth69387\clftsWidth3 \clbrdrt\brdrnil \clbrdrl\brdrnil \clbrdrb\brdrnil \clbrdrr\brdrnil \clpadl200 \clpadr200 \gaph\cellx8640
\pard\intbl\itap1\pardeftab720\qr\partightenfactor0
\cf2 \cell 
\pard\intbl\itap1\pardeftab720\partightenfactor0
\cf2     "ofertante": "Ironhack",\cell \row

\itap1\trowd \taflags1 \trgaph108\trleft-108 \trcbpat3 \trbrdrl\brdrnil \trbrdrr\brdrnil 
\clvertalt \clshdrawnil \clwWidth1000\clftsWidth3 \clminw1000 \clbrdrt\brdrnil \clbrdrl\brdrnil \clbrdrb\brdrnil \clbrdrr\brdrnil \clpadl200 \clpadr200 \gaph\cellx4320
\clvertalt \clshdrawnil \clwWidth69387\clftsWidth3 \clbrdrt\brdrnil \clbrdrl\brdrnil \clbrdrb\brdrnil \clbrdrr\brdrnil \clpadl200 \clpadr200 \gaph\cellx8640
\pard\intbl\itap1\pardeftab720\qr\partightenfactor0
\cf2 \cell 
\pard\intbl\itap1\pardeftab720\partightenfactor0
\cf2     "periodoInscricao": "01/09/2022 a 30/09/2022",\cell \row

\itap1\trowd \taflags1 \trgaph108\trleft-108 \trcbpat3 \trbrdrl\brdrnil \trbrdrr\brdrnil 
\clvertalt \clshdrawnil \clwWidth1000\clftsWidth3 \clminw1000 \clbrdrt\brdrnil \clbrdrl\brdrnil \clbrdrb\brdrnil \clbrdrr\brdrnil \clpadl200 \clpadr200 \gaph\cellx4320
\clvertalt \clshdrawnil \clwWidth69387\clftsWidth3 \clbrdrt\brdrnil \clbrdrl\brdrnil \clbrdrb\brdrnil \clbrdrr\brdrnil \clpadl200 \clpadr200 \gaph\cellx8640
\pard\intbl\itap1\pardeftab720\qr\partightenfactor0
\cf2 \cell 
\pard\intbl\itap1\pardeftab720\partightenfactor0
\cf2     "vagas": "50",\cell \row

\itap1\trowd \taflags1 \trgaph108\trleft-108 \trcbpat3 \trbrdrl\brdrnil \trbrdrr\brdrnil 
\clvertalt \clshdrawnil \clwWidth1000\clftsWidth3 \clminw1000 \clbrdrt\brdrnil \clbrdrl\brdrnil \clbrdrb\brdrnil \clbrdrr\brdrnil \clpadl200 \clpadr200 \gaph\cellx4320
\clvertalt \clshdrawnil \clwWidth69387\clftsWidth3 \clbrdrt\brdrnil \clbrdrl\brdrnil \clbrdrb\brdrnil \clbrdrr\brdrnil \clpadl200 \clpadr200 \gaph\cellx8640
\pard\intbl\itap1\pardeftab720\qr\partightenfactor0
\cf2 \cell 
\pard\intbl\itap1\pardeftab720\partightenfactor0
\cf2     "periodoRealizacao": "16/10/2022 a 16/12/2022",\cell \row

\itap1\trowd \taflags1 \trgaph108\trleft-108 \trcbpat3 \trbrdrl\brdrnil \trbrdrr\brdrnil 
\clvertalt \clshdrawnil \clwWidth1000\clftsWidth3 \clminw1000 \clbrdrt\brdrnil \clbrdrl\brdrnil \clbrdrb\brdrnil \clbrdrr\brdrnil \clpadl200 \clpadr200 \gaph\cellx4320
\clvertalt \clshdrawnil \clwWidth69387\clftsWidth3 \clbrdrt\brdrnil \clbrdrl\brdrnil \clbrdrb\brdrnil \clbrdrr\brdrnil \clpadl200 \clpadr200 \gaph\cellx8640
\pard\intbl\itap1\pardeftab720\qr\partightenfactor0
\cf2 \cell 
\pard\intbl\itap1\pardeftab720\partightenfactor0
\cf2     "valor": "23000",\cell \row

\itap1\trowd \taflags1 \trgaph108\trleft-108 \trcbpat3 \trbrdrl\brdrnil \trbrdrr\brdrnil 
\clvertalt \clshdrawnil \clwWidth1000\clftsWidth3 \clminw1000 \clbrdrt\brdrnil \clbrdrl\brdrnil \clbrdrb\brdrnil \clbrdrr\brdrnil \clpadl200 \clpadr200 \gaph\cellx4320
\clvertalt \clshdrawnil \clwWidth69387\clftsWidth3 \clbrdrt\brdrnil \clbrdrl\brdrnil \clbrdrb\brdrnil \clbrdrr\brdrnil \clpadl200 \clpadr200 \gaph\cellx8640
\pard\intbl\itap1\pardeftab720\qr\partightenfactor0
\cf2 \cell 
\pard\intbl\itap1\pardeftab720\partightenfactor0
\cf2     "tipo": "Aperfei\'e7oamento",\cell \row

\itap1\trowd \taflags1 \trgaph108\trleft-108 \trcbpat3 \trbrdrl\brdrnil \trbrdrr\brdrnil 
\clvertalt \clshdrawnil \clwWidth1000\clftsWidth3 \clminw1000 \clbrdrt\brdrnil \clbrdrl\brdrnil \clbrdrb\brdrnil \clbrdrr\brdrnil \clpadl200 \clpadr200 \gaph\cellx4320
\clvertalt \clshdrawnil \clwWidth69387\clftsWidth3 \clbrdrt\brdrnil \clbrdrl\brdrnil \clbrdrb\brdrnil \clbrdrr\brdrnil \clpadl200 \clpadr200 \gaph\cellx8640
\pard\intbl\itap1\pardeftab720\qr\partightenfactor0
\cf2 \cell 
\pard\intbl\itap1\pardeftab720\partightenfactor0
\cf2     "site": "https://www.ironhack.com/en/web-development",\cell \row

\itap1\trowd \taflags1 \trgaph108\trleft-108 \trcbpat3 \trbrdrl\brdrnil \trbrdrr\brdrnil 
\clvertalt \clshdrawnil \clwWidth1000\clftsWidth3 \clminw1000 \clbrdrt\brdrnil \clbrdrl\brdrnil \clbrdrb\brdrnil \clbrdrr\brdrnil \clpadl200 \clpadr200 \gaph\cellx4320
\clvertalt \clshdrawnil \clwWidth69387\clftsWidth3 \clbrdrt\brdrnil \clbrdrl\brdrnil \clbrdrb\brdrnil \clbrdrr\brdrnil \clpadl200 \clpadr200 \gaph\cellx8640
\pard\intbl\itap1\pardeftab720\qr\partightenfactor0
\cf2 \cell 
\pard\intbl\itap1\pardeftab720\partightenfactor0
\cf2     "descricao": "Junte-se ao nosso campo de desenvolvimento Web e obtenha as habilidades pr\'e1ticas necess\'e1rias para conseguir um emprego na crescente ind\'fastria tecnol\'f3gica. Aprenda HTML, CSS, Javascript, Reage e muito mais. Torne-se um desenvolvedor full-stack em apenas 9 semanas em tempo integral ou 24 semanas em tempo parcial (n\'e3o \'e9 necess\'e1rio ter experi\'eancia pr\'e9via em TI!). Voc\'ea pode aprender pessoalmente ou remotamente, encontre todas as informa\'e7\'f5es aqui.",\cell \row

\itap1\trowd \taflags1 \trgaph108\trleft-108 \trcbpat3 \trbrdrl\brdrnil \trbrdrr\brdrnil 
\clvertalt \clshdrawnil \clwWidth1000\clftsWidth3 \clminw1000 \clbrdrt\brdrnil \clbrdrl\brdrnil \clbrdrb\brdrnil \clbrdrr\brdrnil \clpadl200 \clpadr200 \gaph\cellx4320
\clvertalt \clshdrawnil \clwWidth69387\clftsWidth3 \clbrdrt\brdrnil \clbrdrl\brdrnil \clbrdrb\brdrnil \clbrdrr\brdrnil \clpadl200 \clpadr200 \gaph\cellx8640
\pard\intbl\itap1\pardeftab720\qr\partightenfactor0
\cf2 \cell 
\pard\intbl\itap1\pardeftab720\partightenfactor0
\cf2     "criteriosSelecao": "Trabalhar no setor de TI",\cell \row

\itap1\trowd \taflags1 \trgaph108\trleft-108 \trcbpat3 \trbrdrl\brdrnil \trbrdrr\brdrnil 
\clvertalt \clshdrawnil \clwWidth1000\clftsWidth3 \clminw1000 \clbrdrt\brdrnil \clbrdrl\brdrnil \clbrdrb\brdrnil \clbrdrr\brdrnil \clpadl200 \clpadr200 \gaph\cellx4320
\clvertalt \clshdrawnil \clwWidth69387\clftsWidth3 \clbrdrt\brdrnil \clbrdrl\brdrnil \clbrdrb\brdrnil \clbrdrr\brdrnil \clpadl200 \clpadr200 \gaph\cellx8640
\pard\intbl\itap1\pardeftab720\qr\partightenfactor0
\cf2 \cell 
\pard\intbl\itap1\pardeftab720\partightenfactor0
\cf2     "situacao": "Conclu\'eddo"\cell \row

\itap1\trowd \taflags1 \trgaph108\trleft-108 \trcbpat3 \trbrdrl\brdrnil \trbrdrr\brdrnil 
\clvertalt \clshdrawnil \clwWidth1000\clftsWidth3 \clminw1000 \clbrdrt\brdrnil \clbrdrl\brdrnil \clbrdrb\brdrnil \clbrdrr\brdrnil \clpadl200 \clpadr200 \gaph\cellx4320
\clvertalt \clshdrawnil \clwWidth69387\clftsWidth3 \clbrdrt\brdrnil \clbrdrl\brdrnil \clbrdrb\brdrnil \clbrdrr\brdrnil \clpadl200 \clpadr200 \gaph\cellx8640
\pard\intbl\itap1\pardeftab720\qr\partightenfactor0
\cf2 \cell 
\pard\intbl\itap1\pardeftab720\partightenfactor0
\cf2     \},\cell \row

\itap1\trowd \taflags1 \trgaph108\trleft-108 \trcbpat3 \trbrdrl\brdrnil \trbrdrr\brdrnil 
\clvertalt \clshdrawnil \clwWidth1000\clftsWidth3 \clminw1000 \clbrdrt\brdrnil \clbrdrl\brdrnil \clbrdrb\brdrnil \clbrdrr\brdrnil \clpadl200 \clpadr200 \gaph\cellx4320
\clvertalt \clshdrawnil \clwWidth69387\clftsWidth3 \clbrdrt\brdrnil \clbrdrl\brdrnil \clbrdrb\brdrnil \clbrdrr\brdrnil \clpadl200 \clpadr200 \gaph\cellx8640
\pard\intbl\itap1\pardeftab720\qr\partightenfactor0
\cf2 \cell 
\pard\intbl\itap1\pardeftab720\partightenfactor0
\cf2     \{    \cell \row

\itap1\trowd \taflags1 \trgaph108\trleft-108 \trcbpat3 \trbrdrl\brdrnil \trbrdrr\brdrnil 
\clvertalt \clshdrawnil \clwWidth1000\clftsWidth3 \clminw1000 \clbrdrt\brdrnil \clbrdrl\brdrnil \clbrdrb\brdrnil \clbrdrr\brdrnil \clpadl200 \clpadr200 \gaph\cellx4320
\clvertalt \clshdrawnil \clwWidth69387\clftsWidth3 \clbrdrt\brdrnil \clbrdrl\brdrnil \clbrdrb\brdrnil \clbrdrr\brdrnil \clpadl200 \clpadr200 \gaph\cellx8640
\pard\intbl\itap1\pardeftab720\qr\partightenfactor0
\cf2 \cell 
\pard\intbl\itap1\pardeftab720\partightenfactor0
\cf2     "nome": "Curso de Especializa\'e7\'e3o em Direito Tribut\'e1rio",\cell \row

\itap1\trowd \taflags1 \trgaph108\trleft-108 \trcbpat3 \trbrdrl\brdrnil \trbrdrr\brdrnil 
\clvertalt \clshdrawnil \clwWidth1000\clftsWidth3 \clminw1000 \clbrdrt\brdrnil \clbrdrl\brdrnil \clbrdrb\brdrnil \clbrdrr\brdrnil \clpadl200 \clpadr200 \gaph\cellx4320
\clvertalt \clshdrawnil \clwWidth69387\clftsWidth3 \clbrdrt\brdrnil \clbrdrl\brdrnil \clbrdrb\brdrnil \clbrdrr\brdrnil \clpadl200 \clpadr200 \gaph\cellx8640
\pard\intbl\itap1\pardeftab720\qr\partightenfactor0
\cf2 \cell 
\pard\intbl\itap1\pardeftab720\partightenfactor0
\cf2     "idCurso": "2",\cell \row

\itap1\trowd \taflags1 \trgaph108\trleft-108 \trcbpat3 \trbrdrl\brdrnil \trbrdrr\brdrnil 
\clvertalt \clshdrawnil \clwWidth1000\clftsWidth3 \clminw1000 \clbrdrt\brdrnil \clbrdrl\brdrnil \clbrdrb\brdrnil \clbrdrr\brdrnil \clpadl200 \clpadr200 \gaph\cellx4320
\clvertalt \clshdrawnil \clwWidth69387\clftsWidth3 \clbrdrt\brdrnil \clbrdrl\brdrnil \clbrdrb\brdrnil \clbrdrr\brdrnil \clpadl200 \clpadr200 \gaph\cellx8640
\pard\intbl\itap1\pardeftab720\qr\partightenfactor0
\cf2 \cell 
\pard\intbl\itap1\pardeftab720\partightenfactor0
\cf2     "formaRealizacao": "Presencial",\cell \row

\itap1\trowd \taflags1 \trgaph108\trleft-108 \trcbpat3 \trbrdrl\brdrnil \trbrdrr\brdrnil 
\clvertalt \clshdrawnil \clwWidth1000\clftsWidth3 \clminw1000 \clbrdrt\brdrnil \clbrdrl\brdrnil \clbrdrb\brdrnil \clbrdrr\brdrnil \clpadl200 \clpadr200 \gaph\cellx4320
\clvertalt \clshdrawnil \clwWidth69387\clftsWidth3 \clbrdrt\brdrnil \clbrdrl\brdrnil \clbrdrb\brdrnil \clbrdrr\brdrnil \clpadl200 \clpadr200 \gaph\cellx8640
\pard\intbl\itap1\pardeftab720\qr\partightenfactor0
\cf2 \cell 
\pard\intbl\itap1\pardeftab720\partightenfactor0
\cf2     "foto": "https://abctreinamentos.com.br/imgs/cursos/pos-direito-tributario.png",\cell \row

\itap1\trowd \taflags1 \trgaph108\trleft-108 \trcbpat3 \trbrdrl\brdrnil \trbrdrr\brdrnil 
\clvertalt \clshdrawnil \clwWidth1000\clftsWidth3 \clminw1000 \clbrdrt\brdrnil \clbrdrl\brdrnil \clbrdrb\brdrnil \clbrdrr\brdrnil \clpadl200 \clpadr200 \gaph\cellx4320
\clvertalt \clshdrawnil \clwWidth69387\clftsWidth3 \clbrdrt\brdrnil \clbrdrl\brdrnil \clbrdrb\brdrnil \clbrdrr\brdrnil \clpadl200 \clpadr200 \gaph\cellx8640
\pard\intbl\itap1\pardeftab720\qr\partightenfactor0
\cf2 \cell 
\pard\intbl\itap1\pardeftab720\partightenfactor0
\cf2     "local": "Rio de Janeiro/RJ",\cell \row

\itap1\trowd \taflags1 \trgaph108\trleft-108 \trcbpat3 \trbrdrl\brdrnil \trbrdrr\brdrnil 
\clvertalt \clshdrawnil \clwWidth1000\clftsWidth3 \clminw1000 \clbrdrt\brdrnil \clbrdrl\brdrnil \clbrdrb\brdrnil \clbrdrr\brdrnil \clpadl200 \clpadr200 \gaph\cellx4320
\clvertalt \clshdrawnil \clwWidth69387\clftsWidth3 \clbrdrt\brdrnil \clbrdrl\brdrnil \clbrdrb\brdrnil \clbrdrr\brdrnil \clpadl200 \clpadr200 \gaph\cellx8640
\pard\intbl\itap1\pardeftab720\qr\partightenfactor0
\cf2 \cell 
\pard\intbl\itap1\pardeftab720\partightenfactor0
\cf2     "ofertante": "Escola da Magistratura do Estado do Rio de Janeiro",\cell \row

\itap1\trowd \taflags1 \trgaph108\trleft-108 \trcbpat3 \trbrdrl\brdrnil \trbrdrr\brdrnil 
\clvertalt \clshdrawnil \clwWidth1000\clftsWidth3 \clminw1000 \clbrdrt\brdrnil \clbrdrl\brdrnil \clbrdrb\brdrnil \clbrdrr\brdrnil \clpadl200 \clpadr200 \gaph\cellx4320
\clvertalt \clshdrawnil \clwWidth69387\clftsWidth3 \clbrdrt\brdrnil \clbrdrl\brdrnil \clbrdrb\brdrnil \clbrdrr\brdrnil \clpadl200 \clpadr200 \gaph\cellx8640
\pard\intbl\itap1\pardeftab720\qr\partightenfactor0
\cf2 \cell 
\pard\intbl\itap1\pardeftab720\partightenfactor0
\cf2     "periodoInscricao": "01/11/2019 a 25/11/2019",\cell \row

\itap1\trowd \taflags1 \trgaph108\trleft-108 \trcbpat3 \trbrdrl\brdrnil \trbrdrr\brdrnil 
\clvertalt \clshdrawnil \clwWidth1000\clftsWidth3 \clminw1000 \clbrdrt\brdrnil \clbrdrl\brdrnil \clbrdrb\brdrnil \clbrdrr\brdrnil \clpadl200 \clpadr200 \gaph\cellx4320
\clvertalt \clshdrawnil \clwWidth69387\clftsWidth3 \clbrdrt\brdrnil \clbrdrl\brdrnil \clbrdrb\brdrnil \clbrdrr\brdrnil \clpadl200 \clpadr200 \gaph\cellx8640
\pard\intbl\itap1\pardeftab720\qr\partightenfactor0
\cf2 \cell 
\pard\intbl\itap1\pardeftab720\partightenfactor0
\cf2     "vagas": "100",\cell \row

\itap1\trowd \taflags1 \trgaph108\trleft-108 \trcbpat3 \trbrdrl\brdrnil \trbrdrr\brdrnil 
\clvertalt \clshdrawnil \clwWidth1000\clftsWidth3 \clminw1000 \clbrdrt\brdrnil \clbrdrl\brdrnil \clbrdrb\brdrnil \clbrdrr\brdrnil \clpadl200 \clpadr200 \gaph\cellx4320
\clvertalt \clshdrawnil \clwWidth69387\clftsWidth3 \clbrdrt\brdrnil \clbrdrl\brdrnil \clbrdrb\brdrnil \clbrdrr\brdrnil \clpadl200 \clpadr200 \gaph\cellx8640
\pard\intbl\itap1\pardeftab720\qr\partightenfactor0
\cf2 \cell 
\pard\intbl\itap1\pardeftab720\partightenfactor0
\cf2     "periodoRealizacao": "26/11/2019 a 15/04/2021",\cell \row

\itap1\trowd \taflags1 \trgaph108\trleft-108 \trcbpat3 \trbrdrl\brdrnil \trbrdrr\brdrnil 
\clvertalt \clshdrawnil \clwWidth1000\clftsWidth3 \clminw1000 \clbrdrt\brdrnil \clbrdrl\brdrnil \clbrdrb\brdrnil \clbrdrr\brdrnil \clpadl200 \clpadr200 \gaph\cellx4320
\clvertalt \clshdrawnil \clwWidth69387\clftsWidth3 \clbrdrt\brdrnil \clbrdrl\brdrnil \clbrdrb\brdrnil \clbrdrr\brdrnil \clpadl200 \clpadr200 \gaph\cellx8640
\pard\intbl\itap1\pardeftab720\qr\partightenfactor0
\cf2 \cell 
\pard\intbl\itap1\pardeftab720\partightenfactor0
\cf2     "valor": "10500",\cell \row

\itap1\trowd \taflags1 \trgaph108\trleft-108 \trcbpat3 \trbrdrl\brdrnil \trbrdrr\brdrnil 
\clvertalt \clshdrawnil \clwWidth1000\clftsWidth3 \clminw1000 \clbrdrt\brdrnil \clbrdrl\brdrnil \clbrdrb\brdrnil \clbrdrr\brdrnil \clpadl200 \clpadr200 \gaph\cellx4320
\clvertalt \clshdrawnil \clwWidth69387\clftsWidth3 \clbrdrt\brdrnil \clbrdrl\brdrnil \clbrdrb\brdrnil \clbrdrr\brdrnil \clpadl200 \clpadr200 \gaph\cellx8640
\pard\intbl\itap1\pardeftab720\qr\partightenfactor0
\cf2 \cell 
\pard\intbl\itap1\pardeftab720\partightenfactor0
\cf2     "tipo": "Especializa\'e7\'e3o",\cell \row

\itap1\trowd \taflags1 \trgaph108\trleft-108 \trcbpat3 \trbrdrl\brdrnil \trbrdrr\brdrnil 
\clvertalt \clshdrawnil \clwWidth1000\clftsWidth3 \clminw1000 \clbrdrt\brdrnil \clbrdrl\brdrnil \clbrdrb\brdrnil \clbrdrr\brdrnil \clpadl200 \clpadr200 \gaph\cellx4320
\clvertalt \clshdrawnil \clwWidth69387\clftsWidth3 \clbrdrt\brdrnil \clbrdrl\brdrnil \clbrdrb\brdrnil \clbrdrr\brdrnil \clpadl200 \clpadr200 \gaph\cellx8640
\pard\intbl\itap1\pardeftab720\qr\partightenfactor0
\cf2 \cell 
\pard\intbl\itap1\pardeftab720\partightenfactor0
\cf2     "site": "https://www.emerj.tjrj.jus.br/paginas/cursos/curso_especializacao/2019/direito-tributario/curso-especializacao-direito-tributario.html",\cell \row

\itap1\trowd \taflags1 \trgaph108\trleft-108 \trcbpat3 \trbrdrl\brdrnil \trbrdrr\brdrnil 
\clvertalt \clshdrawnil \clwWidth1000\clftsWidth3 \clminw1000 \clbrdrt\brdrnil \clbrdrl\brdrnil \clbrdrb\brdrnil \clbrdrr\brdrnil \clpadl200 \clpadr200 \gaph\cellx4320
\clvertalt \clshdrawnil \clwWidth69387\clftsWidth3 \clbrdrt\brdrnil \clbrdrl\brdrnil \clbrdrb\brdrnil \clbrdrr\brdrnil \clpadl200 \clpadr200 \gaph\cellx8640
\pard\intbl\itap1\pardeftab720\qr\partightenfactor0
\cf2 \cell 
\pard\intbl\itap1\pardeftab720\partightenfactor0
\cf2     "descricao": "O curso destina-se \'e0 especializa\'e7\'e3o de profissionais do Direito, diplomados em curso superior, com atua\'e7\'e3o ou interesse de atualiza\'e7\'e3o na \'e1rea do Direito Tribut\'e1rio.",\cell \row

\itap1\trowd \taflags1 \trgaph108\trleft-108 \trcbpat3 \trbrdrl\brdrnil \trbrdrr\brdrnil 
\clvertalt \clshdrawnil \clwWidth1000\clftsWidth3 \clminw1000 \clbrdrt\brdrnil \clbrdrl\brdrnil \clbrdrb\brdrnil \clbrdrr\brdrnil \clpadl200 \clpadr200 \gaph\cellx4320
\clvertalt \clshdrawnil \clwWidth69387\clftsWidth3 \clbrdrt\brdrnil \clbrdrl\brdrnil \clbrdrb\brdrnil \clbrdrr\brdrnil \clpadl200 \clpadr200 \gaph\cellx8640
\pard\intbl\itap1\pardeftab720\qr\partightenfactor0
\cf2 \cell 
\pard\intbl\itap1\pardeftab720\partightenfactor0
\cf2     "criteriosSelecao": "Ordem de chegada",\cell \row

\itap1\trowd \taflags1 \trgaph108\trleft-108 \trcbpat3 \trbrdrl\brdrnil \trbrdrr\brdrnil 
\clvertalt \clshdrawnil \clwWidth1000\clftsWidth3 \clminw1000 \clbrdrt\brdrnil \clbrdrl\brdrnil \clbrdrb\brdrnil \clbrdrr\brdrnil \clpadl200 \clpadr200 \gaph\cellx4320
\clvertalt \clshdrawnil \clwWidth69387\clftsWidth3 \clbrdrt\brdrnil \clbrdrl\brdrnil \clbrdrb\brdrnil \clbrdrr\brdrnil \clpadl200 \clpadr200 \gaph\cellx8640
\pard\intbl\itap1\pardeftab720\qr\partightenfactor0
\cf2 \cell 
\pard\intbl\itap1\pardeftab720\partightenfactor0
\cf2     "situacao": "Conclu\'eddo"\cell \row

\itap1\trowd \taflags1 \trgaph108\trleft-108 \trcbpat3 \trbrdrl\brdrnil \trbrdrr\brdrnil 
\clvertalt \clshdrawnil \clwWidth1000\clftsWidth3 \clminw1000 \clbrdrt\brdrnil \clbrdrl\brdrnil \clbrdrb\brdrnil \clbrdrr\brdrnil \clpadl200 \clpadr200 \gaph\cellx4320
\clvertalt \clshdrawnil \clwWidth69387\clftsWidth3 \clbrdrt\brdrnil \clbrdrl\brdrnil \clbrdrb\brdrnil \clbrdrr\brdrnil \clpadl200 \clpadr200 \gaph\cellx8640
\pard\intbl\itap1\pardeftab720\qr\partightenfactor0
\cf2 \cell 
\pard\intbl\itap1\pardeftab720\partightenfactor0
\cf2     \},\cell \row

\itap1\trowd \taflags1 \trgaph108\trleft-108 \trcbpat3 \trbrdrl\brdrnil \trbrdrr\brdrnil 
\clvertalt \clshdrawnil \clwWidth1000\clftsWidth3 \clminw1000 \clbrdrt\brdrnil \clbrdrl\brdrnil \clbrdrb\brdrnil \clbrdrr\brdrnil \clpadl200 \clpadr200 \gaph\cellx4320
\clvertalt \clshdrawnil \clwWidth69387\clftsWidth3 \clbrdrt\brdrnil \clbrdrl\brdrnil \clbrdrb\brdrnil \clbrdrr\brdrnil \clpadl200 \clpadr200 \gaph\cellx8640
\pard\intbl\itap1\pardeftab720\qr\partightenfactor0
\cf2 \cell 
\pard\intbl\itap1\pardeftab720\partightenfactor0
\cf2     \{\cell \row

\itap1\trowd \taflags1 \trgaph108\trleft-108 \trcbpat3 \trbrdrl\brdrnil \trbrdrr\brdrnil 
\clvertalt \clshdrawnil \clwWidth1000\clftsWidth3 \clminw1000 \clbrdrt\brdrnil \clbrdrl\brdrnil \clbrdrb\brdrnil \clbrdrr\brdrnil \clpadl200 \clpadr200 \gaph\cellx4320
\clvertalt \clshdrawnil \clwWidth69387\clftsWidth3 \clbrdrt\brdrnil \clbrdrl\brdrnil \clbrdrb\brdrnil \clbrdrr\brdrnil \clpadl200 \clpadr200 \gaph\cellx8640
\pard\intbl\itap1\pardeftab720\qr\partightenfactor0
\cf2 \cell 
\pard\intbl\itap1\pardeftab720\partightenfactor0
\cf2     "nome": "Especializa\'e7\'e3o em Gest\'e3o do Meio Ambiente e das Cidades",\cell \row

\itap1\trowd \taflags1 \trgaph108\trleft-108 \trcbpat3 \trbrdrl\brdrnil \trbrdrr\brdrnil 
\clvertalt \clshdrawnil \clwWidth1000\clftsWidth3 \clminw1000 \clbrdrt\brdrnil \clbrdrl\brdrnil \clbrdrb\brdrnil \clbrdrr\brdrnil \clpadl200 \clpadr200 \gaph\cellx4320
\clvertalt \clshdrawnil \clwWidth69387\clftsWidth3 \clbrdrt\brdrnil \clbrdrl\brdrnil \clbrdrb\brdrnil \clbrdrr\brdrnil \clpadl200 \clpadr200 \gaph\cellx8640
\pard\intbl\itap1\pardeftab720\qr\partightenfactor0
\cf2 \cell 
\pard\intbl\itap1\pardeftab720\partightenfactor0
\cf2     "idCurso": "3",\cell \row

\itap1\trowd \taflags1 \trgaph108\trleft-108 \trcbpat3 \trbrdrl\brdrnil \trbrdrr\brdrnil 
\clvertalt \clshdrawnil \clwWidth1000\clftsWidth3 \clminw1000 \clbrdrt\brdrnil \clbrdrl\brdrnil \clbrdrb\brdrnil \clbrdrr\brdrnil \clpadl200 \clpadr200 \gaph\cellx4320
\clvertalt \clshdrawnil \clwWidth69387\clftsWidth3 \clbrdrt\brdrnil \clbrdrl\brdrnil \clbrdrb\brdrnil \clbrdrr\brdrnil \clpadl200 \clpadr200 \gaph\cellx8640
\pard\intbl\itap1\pardeftab720\qr\partightenfactor0
\cf2 \cell 
\pard\intbl\itap1\pardeftab720\partightenfactor0
\cf2     "formaRealizacao": "EAD",\cell \row

\itap1\trowd \taflags1 \trgaph108\trleft-108 \trcbpat3 \trbrdrl\brdrnil \trbrdrr\brdrnil 
\clvertalt \clshdrawnil \clwWidth1000\clftsWidth3 \clminw1000 \clbrdrt\brdrnil \clbrdrl\brdrnil \clbrdrb\brdrnil \clbrdrr\brdrnil \clpadl200 \clpadr200 \gaph\cellx4320
\clvertalt \clshdrawnil \clwWidth69387\clftsWidth3 \clbrdrt\brdrnil \clbrdrl\brdrnil \clbrdrb\brdrnil \clbrdrr\brdrnil \clpadl200 \clpadr200 \gaph\cellx8640
\pard\intbl\itap1\pardeftab720\qr\partightenfactor0
\cf2 \cell 
\pard\intbl\itap1\pardeftab720\partightenfactor0
\cf2     "foto": "https://abctreinamentos.com.br/imgs/cursos/pos-meio-ambiente.png",\cell \row

\itap1\trowd \taflags1 \trgaph108\trleft-108 \trcbpat3 \trbrdrl\brdrnil \trbrdrr\brdrnil 
\clvertalt \clshdrawnil \clwWidth1000\clftsWidth3 \clminw1000 \clbrdrt\brdrnil \clbrdrl\brdrnil \clbrdrb\brdrnil \clbrdrr\brdrnil \clpadl200 \clpadr200 \gaph\cellx4320
\clvertalt \clshdrawnil \clwWidth69387\clftsWidth3 \clbrdrt\brdrnil \clbrdrl\brdrnil \clbrdrb\brdrnil \clbrdrr\brdrnil \clpadl200 \clpadr200 \gaph\cellx8640
\pard\intbl\itap1\pardeftab720\qr\partightenfactor0
\cf2 \cell 
\pard\intbl\itap1\pardeftab720\partightenfactor0
\cf2     "local": "Virtual",\cell \row

\itap1\trowd \taflags1 \trgaph108\trleft-108 \trcbpat3 \trbrdrl\brdrnil \trbrdrr\brdrnil 
\clvertalt \clshdrawnil \clwWidth1000\clftsWidth3 \clminw1000 \clbrdrt\brdrnil \clbrdrl\brdrnil \clbrdrb\brdrnil \clbrdrr\brdrnil \clpadl200 \clpadr200 \gaph\cellx4320
\clvertalt \clshdrawnil \clwWidth69387\clftsWidth3 \clbrdrt\brdrnil \clbrdrl\brdrnil \clbrdrb\brdrnil \clbrdrr\brdrnil \clpadl200 \clpadr200 \gaph\cellx8640
\pard\intbl\itap1\pardeftab720\qr\partightenfactor0
\cf2 \cell 
\pard\intbl\itap1\pardeftab720\partightenfactor0
\cf2     "ofertante": "PUC-GO",\cell \row

\itap1\trowd \taflags1 \trgaph108\trleft-108 \trcbpat3 \trbrdrl\brdrnil \trbrdrr\brdrnil 
\clvertalt \clshdrawnil \clwWidth1000\clftsWidth3 \clminw1000 \clbrdrt\brdrnil \clbrdrl\brdrnil \clbrdrb\brdrnil \clbrdrr\brdrnil \clpadl200 \clpadr200 \gaph\cellx4320
\clvertalt \clshdrawnil \clwWidth69387\clftsWidth3 \clbrdrt\brdrnil \clbrdrl\brdrnil \clbrdrb\brdrnil \clbrdrr\brdrnil \clpadl200 \clpadr200 \gaph\cellx8640
\pard\intbl\itap1\pardeftab720\qr\partightenfactor0
\cf2 \cell 
\pard\intbl\itap1\pardeftab720\partightenfactor0
\cf2     "periodoInscricao": "01/10/2021 a 31/11/2021",\cell \row

\itap1\trowd \taflags1 \trgaph108\trleft-108 \trcbpat3 \trbrdrl\brdrnil \trbrdrr\brdrnil 
\clvertalt \clshdrawnil \clwWidth1000\clftsWidth3 \clminw1000 \clbrdrt\brdrnil \clbrdrl\brdrnil \clbrdrb\brdrnil \clbrdrr\brdrnil \clpadl200 \clpadr200 \gaph\cellx4320
\clvertalt \clshdrawnil \clwWidth69387\clftsWidth3 \clbrdrt\brdrnil \clbrdrl\brdrnil \clbrdrb\brdrnil \clbrdrr\brdrnil \clpadl200 \clpadr200 \gaph\cellx8640
\pard\intbl\itap1\pardeftab720\qr\partightenfactor0
\cf2 \cell 
\pard\intbl\itap1\pardeftab720\partightenfactor0
\cf2     "vagas": "200",\cell \row

\itap1\trowd \taflags1 \trgaph108\trleft-108 \trcbpat3 \trbrdrl\brdrnil \trbrdrr\brdrnil 
\clvertalt \clshdrawnil \clwWidth1000\clftsWidth3 \clminw1000 \clbrdrt\brdrnil \clbrdrl\brdrnil \clbrdrb\brdrnil \clbrdrr\brdrnil \clpadl200 \clpadr200 \gaph\cellx4320
\clvertalt \clshdrawnil \clwWidth69387\clftsWidth3 \clbrdrt\brdrnil \clbrdrl\brdrnil \clbrdrb\brdrnil \clbrdrr\brdrnil \clpadl200 \clpadr200 \gaph\cellx8640
\pard\intbl\itap1\pardeftab720\qr\partightenfactor0
\cf2 \cell 
\pard\intbl\itap1\pardeftab720\partightenfactor0
\cf2     "periodoRealizacao": "12/11/2021 a 17/03/2023",\cell \row

\itap1\trowd \taflags1 \trgaph108\trleft-108 \trcbpat3 \trbrdrl\brdrnil \trbrdrr\brdrnil 
\clvertalt \clshdrawnil \clwWidth1000\clftsWidth3 \clminw1000 \clbrdrt\brdrnil \clbrdrl\brdrnil \clbrdrb\brdrnil \clbrdrr\brdrnil \clpadl200 \clpadr200 \gaph\cellx4320
\clvertalt \clshdrawnil \clwWidth69387\clftsWidth3 \clbrdrt\brdrnil \clbrdrl\brdrnil \clbrdrb\brdrnil \clbrdrr\brdrnil \clpadl200 \clpadr200 \gaph\cellx8640
\pard\intbl\itap1\pardeftab720\qr\partightenfactor0
\cf2 \cell 
\pard\intbl\itap1\pardeftab720\partightenfactor0
\cf2     "valor": "25000",\cell \row

\itap1\trowd \taflags1 \trgaph108\trleft-108 \trcbpat3 \trbrdrl\brdrnil \trbrdrr\brdrnil 
\clvertalt \clshdrawnil \clwWidth1000\clftsWidth3 \clminw1000 \clbrdrt\brdrnil \clbrdrl\brdrnil \clbrdrb\brdrnil \clbrdrr\brdrnil \clpadl200 \clpadr200 \gaph\cellx4320
\clvertalt \clshdrawnil \clwWidth69387\clftsWidth3 \clbrdrt\brdrnil \clbrdrl\brdrnil \clbrdrb\brdrnil \clbrdrr\brdrnil \clpadl200 \clpadr200 \gaph\cellx8640
\pard\intbl\itap1\pardeftab720\qr\partightenfactor0
\cf2 \cell 
\pard\intbl\itap1\pardeftab720\partightenfactor0
\cf2     "tipo": "Especializa\'e7\'e3o",\cell \row

\itap1\trowd \taflags1 \trgaph108\trleft-108 \trcbpat3 \trbrdrl\brdrnil \trbrdrr\brdrnil 
\clvertalt \clshdrawnil \clwWidth1000\clftsWidth3 \clminw1000 \clbrdrt\brdrnil \clbrdrl\brdrnil \clbrdrb\brdrnil \clbrdrr\brdrnil \clpadl200 \clpadr200 \gaph\cellx4320
\clvertalt \clshdrawnil \clwWidth69387\clftsWidth3 \clbrdrt\brdrnil \clbrdrl\brdrnil \clbrdrb\brdrnil \clbrdrr\brdrnil \clpadl200 \clpadr200 \gaph\cellx8640
\pard\intbl\itap1\pardeftab720\qr\partightenfactor0
\cf2 \cell 
\pard\intbl\itap1\pardeftab720\partightenfactor0
\cf2     "site": "https://esa.oabgo.org.br/esa/curso.sp?codCurso=160&myCourse=false",\cell \row

\itap1\trowd \taflags1 \trgaph108\trleft-108 \trcbpat3 \trbrdrl\brdrnil \trbrdrr\brdrnil 
\clvertalt \clshdrawnil \clwWidth1000\clftsWidth3 \clminw1000 \clbrdrt\brdrnil \clbrdrl\brdrnil \clbrdrb\brdrnil \clbrdrr\brdrnil \clpadl200 \clpadr200 \gaph\cellx4320
\clvertalt \clshdrawnil \clwWidth69387\clftsWidth3 \clbrdrt\brdrnil \clbrdrl\brdrnil \clbrdrb\brdrnil \clbrdrr\brdrnil \clpadl200 \clpadr200 \gaph\cellx8640
\pard\intbl\itap1\pardeftab720\qr\partightenfactor0
\cf2 \cell 
\pard\intbl\itap1\pardeftab720\partightenfactor0
\cf2     "descricao": "Torne-se um especialista em gest\'e3o do meio ambiente e das cidades. As atividades ser\'e3o desenvolvidas nos formatos s\'edncrono e ass\'edncrono, conforme carga hor\'e1ria apresentada na Matriz Curricular: 304 horas no EAD S\'edncrono (80%) e 76 horas de Atividades Externas (20%).",\cell \row

\itap1\trowd \taflags1 \trgaph108\trleft-108 \trcbpat3 \trbrdrl\brdrnil \trbrdrr\brdrnil 
\clvertalt \clshdrawnil \clwWidth1000\clftsWidth3 \clminw1000 \clbrdrt\brdrnil \clbrdrl\brdrnil \clbrdrb\brdrnil \clbrdrr\brdrnil \clpadl200 \clpadr200 \gaph\cellx4320
\clvertalt \clshdrawnil \clwWidth69387\clftsWidth3 \clbrdrt\brdrnil \clbrdrl\brdrnil \clbrdrb\brdrnil \clbrdrr\brdrnil \clpadl200 \clpadr200 \gaph\cellx8640
\pard\intbl\itap1\pardeftab720\qr\partightenfactor0
\cf2 \cell 
\pard\intbl\itap1\pardeftab720\partightenfactor0
\cf2     "criteriosSelecao": "Graduados em n\'edvel superior",\cell \row

\itap1\trowd \taflags1 \trgaph108\trleft-108 \trcbpat3 \trbrdrl\brdrnil \trbrdrr\brdrnil 
\clvertalt \clshdrawnil \clwWidth1000\clftsWidth3 \clminw1000 \clbrdrt\brdrnil \clbrdrl\brdrnil \clbrdrb\brdrnil \clbrdrr\brdrnil \clpadl200 \clpadr200 \gaph\cellx4320
\clvertalt \clshdrawnil \clwWidth69387\clftsWidth3 \clbrdrt\brdrnil \clbrdrl\brdrnil \clbrdrb\brdrnil \clbrdrr\brdrnil \clpadl200 \clpadr200 \gaph\cellx8640
\pard\intbl\itap1\pardeftab720\qr\partightenfactor0
\cf2 \cell 
\pard\intbl\itap1\pardeftab720\partightenfactor0
\cf2     "situacao": "Em Andamento"\cell \row

\itap1\trowd \taflags1 \trgaph108\trleft-108 \trcbpat3 \trbrdrl\brdrnil \trbrdrr\brdrnil 
\clvertalt \clshdrawnil \clwWidth1000\clftsWidth3 \clminw1000 \clbrdrt\brdrnil \clbrdrl\brdrnil \clbrdrb\brdrnil \clbrdrr\brdrnil \clpadl200 \clpadr200 \gaph\cellx4320
\clvertalt \clshdrawnil \clwWidth69387\clftsWidth3 \clbrdrt\brdrnil \clbrdrl\brdrnil \clbrdrb\brdrnil \clbrdrr\brdrnil \clpadl200 \clpadr200 \gaph\cellx8640
\pard\intbl\itap1\pardeftab720\qr\partightenfactor0
\cf2 \cell 
\pard\intbl\itap1\pardeftab720\partightenfactor0
\cf2     \},\cell \row

\itap1\trowd \taflags1 \trgaph108\trleft-108 \trcbpat3 \trbrdrl\brdrnil \trbrdrr\brdrnil 
\clvertalt \clshdrawnil \clwWidth1000\clftsWidth3 \clminw1000 \clbrdrt\brdrnil \clbrdrl\brdrnil \clbrdrb\brdrnil \clbrdrr\brdrnil \clpadl200 \clpadr200 \gaph\cellx4320
\clvertalt \clshdrawnil \clwWidth69387\clftsWidth3 \clbrdrt\brdrnil \clbrdrl\brdrnil \clbrdrb\brdrnil \clbrdrr\brdrnil \clpadl200 \clpadr200 \gaph\cellx8640
\pard\intbl\itap1\pardeftab720\qr\partightenfactor0
\cf2 \cell 
\pard\intbl\itap1\pardeftab720\partightenfactor0
\cf2     \{\cell \row

\itap1\trowd \taflags1 \trgaph108\trleft-108 \trcbpat3 \trbrdrl\brdrnil \trbrdrr\brdrnil 
\clvertalt \clshdrawnil \clwWidth1000\clftsWidth3 \clminw1000 \clbrdrt\brdrnil \clbrdrl\brdrnil \clbrdrb\brdrnil \clbrdrr\brdrnil \clpadl200 \clpadr200 \gaph\cellx4320
\clvertalt \clshdrawnil \clwWidth69387\clftsWidth3 \clbrdrt\brdrnil \clbrdrl\brdrnil \clbrdrb\brdrnil \clbrdrr\brdrnil \clpadl200 \clpadr200 \gaph\cellx8640
\pard\intbl\itap1\pardeftab720\qr\partightenfactor0
\cf2 \cell 
\pard\intbl\itap1\pardeftab720\partightenfactor0
\cf2     "nome": "Mestrado Profissional do Programa de P\'f3s-gradua\'e7\'e3o em Tecnologia da Informa\'e7\'e3o",\cell \row

\itap1\trowd \taflags1 \trgaph108\trleft-108 \trcbpat3 \trbrdrl\brdrnil \trbrdrr\brdrnil 
\clvertalt \clshdrawnil \clwWidth1000\clftsWidth3 \clminw1000 \clbrdrt\brdrnil \clbrdrl\brdrnil \clbrdrb\brdrnil \clbrdrr\brdrnil \clpadl200 \clpadr200 \gaph\cellx4320
\clvertalt \clshdrawnil \clwWidth69387\clftsWidth3 \clbrdrt\brdrnil \clbrdrl\brdrnil \clbrdrb\brdrnil \clbrdrr\brdrnil \clpadl200 \clpadr200 \gaph\cellx8640
\pard\intbl\itap1\pardeftab720\qr\partightenfactor0
\cf2 \cell 
\pard\intbl\itap1\pardeftab720\partightenfactor0
\cf2     "idCurso": "4",\cell \row

\itap1\trowd \taflags1 \trgaph108\trleft-108 \trcbpat3 \trbrdrl\brdrnil \trbrdrr\brdrnil 
\clvertalt \clshdrawnil \clwWidth1000\clftsWidth3 \clminw1000 \clbrdrt\brdrnil \clbrdrl\brdrnil \clbrdrb\brdrnil \clbrdrr\brdrnil \clpadl200 \clpadr200 \gaph\cellx4320
\clvertalt \clshdrawnil \clwWidth69387\clftsWidth3 \clbrdrt\brdrnil \clbrdrl\brdrnil \clbrdrb\brdrnil \clbrdrr\brdrnil \clpadl200 \clpadr200 \gaph\cellx8640
\pard\intbl\itap1\pardeftab720\qr\partightenfactor0
\cf2 \cell 
\pard\intbl\itap1\pardeftab720\partightenfactor0
\cf2     "formaRealizacao": "Presencial",\cell \row

\itap1\trowd \taflags1 \trgaph108\trleft-108 \trcbpat3 \trbrdrl\brdrnil \trbrdrr\brdrnil 
\clvertalt \clshdrawnil \clwWidth1000\clftsWidth3 \clminw1000 \clbrdrt\brdrnil \clbrdrl\brdrnil \clbrdrb\brdrnil \clbrdrr\brdrnil \clpadl200 \clpadr200 \gaph\cellx4320
\clvertalt \clshdrawnil \clwWidth69387\clftsWidth3 \clbrdrt\brdrnil \clbrdrl\brdrnil \clbrdrb\brdrnil \clbrdrr\brdrnil \clpadl200 \clpadr200 \gaph\cellx8640
\pard\intbl\itap1\pardeftab720\qr\partightenfactor0
\cf2 \cell 
\pard\intbl\itap1\pardeftab720\partightenfactor0
\cf2     "foto": "https://abctreinamentos.com.br/imgs/cursos/mestrado-ti.png",\cell \row

\itap1\trowd \taflags1 \trgaph108\trleft-108 \trcbpat3 \trbrdrl\brdrnil \trbrdrr\brdrnil 
\clvertalt \clshdrawnil \clwWidth1000\clftsWidth3 \clminw1000 \clbrdrt\brdrnil \clbrdrl\brdrnil \clbrdrb\brdrnil \clbrdrr\brdrnil \clpadl200 \clpadr200 \gaph\cellx4320
\clvertalt \clshdrawnil \clwWidth69387\clftsWidth3 \clbrdrt\brdrnil \clbrdrl\brdrnil \clbrdrb\brdrnil \clbrdrr\brdrnil \clpadl200 \clpadr200 \gaph\cellx8640
\pard\intbl\itap1\pardeftab720\qr\partightenfactor0
\cf2 \cell 
\pard\intbl\itap1\pardeftab720\partightenfactor0
\cf2     "local": "Jo\'e3o Pessoa",\cell \row

\itap1\trowd \taflags1 \trgaph108\trleft-108 \trcbpat3 \trbrdrl\brdrnil \trbrdrr\brdrnil 
\clvertalt \clshdrawnil \clwWidth1000\clftsWidth3 \clminw1000 \clbrdrt\brdrnil \clbrdrl\brdrnil \clbrdrb\brdrnil \clbrdrr\brdrnil \clpadl200 \clpadr200 \gaph\cellx4320
\clvertalt \clshdrawnil \clwWidth69387\clftsWidth3 \clbrdrt\brdrnil \clbrdrl\brdrnil \clbrdrb\brdrnil \clbrdrr\brdrnil \clpadl200 \clpadr200 \gaph\cellx8640
\pard\intbl\itap1\pardeftab720\qr\partightenfactor0
\cf2 \cell 
\pard\intbl\itap1\pardeftab720\partightenfactor0
\cf2     "ofertante": "IFPB",\cell \row

\itap1\trowd \taflags1 \trgaph108\trleft-108 \trcbpat3 \trbrdrl\brdrnil \trbrdrr\brdrnil 
\clvertalt \clshdrawnil \clwWidth1000\clftsWidth3 \clminw1000 \clbrdrt\brdrnil \clbrdrl\brdrnil \clbrdrb\brdrnil \clbrdrr\brdrnil \clpadl200 \clpadr200 \gaph\cellx4320
\clvertalt \clshdrawnil \clwWidth69387\clftsWidth3 \clbrdrt\brdrnil \clbrdrl\brdrnil \clbrdrb\brdrnil \clbrdrr\brdrnil \clpadl200 \clpadr200 \gaph\cellx8640
\pard\intbl\itap1\pardeftab720\qr\partightenfactor0
\cf2 \cell 
\pard\intbl\itap1\pardeftab720\partightenfactor0
\cf2     "periodoInscricao": "29/10/2022 a 12/12/2022",\cell \row

\itap1\trowd \taflags1 \trgaph108\trleft-108 \trcbpat3 \trbrdrl\brdrnil \trbrdrr\brdrnil 
\clvertalt \clshdrawnil \clwWidth1000\clftsWidth3 \clminw1000 \clbrdrt\brdrnil \clbrdrl\brdrnil \clbrdrb\brdrnil \clbrdrr\brdrnil \clpadl200 \clpadr200 \gaph\cellx4320
\clvertalt \clshdrawnil \clwWidth69387\clftsWidth3 \clbrdrt\brdrnil \clbrdrl\brdrnil \clbrdrb\brdrnil \clbrdrr\brdrnil \clpadl200 \clpadr200 \gaph\cellx8640
\pard\intbl\itap1\pardeftab720\qr\partightenfactor0
\cf2 \cell 
\pard\intbl\itap1\pardeftab720\partightenfactor0
\cf2     "vagas": "25",\cell \row

\itap1\trowd \taflags1 \trgaph108\trleft-108 \trcbpat3 \trbrdrl\brdrnil \trbrdrr\brdrnil 
\clvertalt \clshdrawnil \clwWidth1000\clftsWidth3 \clminw1000 \clbrdrt\brdrnil \clbrdrl\brdrnil \clbrdrb\brdrnil \clbrdrr\brdrnil \clpadl200 \clpadr200 \gaph\cellx4320
\clvertalt \clshdrawnil \clwWidth69387\clftsWidth3 \clbrdrt\brdrnil \clbrdrl\brdrnil \clbrdrb\brdrnil \clbrdrr\brdrnil \clpadl200 \clpadr200 \gaph\cellx8640
\pard\intbl\itap1\pardeftab720\qr\partightenfactor0
\cf2 \cell 
\pard\intbl\itap1\pardeftab720\partightenfactor0
\cf2     "periodoRealizacao": "01/01/2023 a 31/12/2024",\cell \row

\itap1\trowd \taflags1 \trgaph108\trleft-108 \trcbpat3 \trbrdrl\brdrnil \trbrdrr\brdrnil 
\clvertalt \clshdrawnil \clwWidth1000\clftsWidth3 \clminw1000 \clbrdrt\brdrnil \clbrdrl\brdrnil \clbrdrb\brdrnil \clbrdrr\brdrnil \clpadl200 \clpadr200 \gaph\cellx4320
\clvertalt \clshdrawnil \clwWidth69387\clftsWidth3 \clbrdrt\brdrnil \clbrdrl\brdrnil \clbrdrb\brdrnil \clbrdrr\brdrnil \clpadl200 \clpadr200 \gaph\cellx8640
\pard\intbl\itap1\pardeftab720\qr\partightenfactor0
\cf2 \cell 
\pard\intbl\itap1\pardeftab720\partightenfactor0
\cf2     "valor": "0",\cell \row

\itap1\trowd \taflags1 \trgaph108\trleft-108 \trcbpat3 \trbrdrl\brdrnil \trbrdrr\brdrnil 
\clvertalt \clshdrawnil \clwWidth1000\clftsWidth3 \clminw1000 \clbrdrt\brdrnil \clbrdrl\brdrnil \clbrdrb\brdrnil \clbrdrr\brdrnil \clpadl200 \clpadr200 \gaph\cellx4320
\clvertalt \clshdrawnil \clwWidth69387\clftsWidth3 \clbrdrt\brdrnil \clbrdrl\brdrnil \clbrdrb\brdrnil \clbrdrr\brdrnil \clpadl200 \clpadr200 \gaph\cellx8640
\pard\intbl\itap1\pardeftab720\qr\partightenfactor0
\cf2 \cell 
\pard\intbl\itap1\pardeftab720\partightenfactor0
\cf2     "tipo": "Mestrado",\cell \row

\itap1\trowd \taflags1 \trgaph108\trleft-108 \trcbpat3 \trbrdrl\brdrnil \trbrdrr\brdrnil 
\clvertalt \clshdrawnil \clwWidth1000\clftsWidth3 \clminw1000 \clbrdrt\brdrnil \clbrdrl\brdrnil \clbrdrb\brdrnil \clbrdrr\brdrnil \clpadl200 \clpadr200 \gaph\cellx4320
\clvertalt \clshdrawnil \clwWidth69387\clftsWidth3 \clbrdrt\brdrnil \clbrdrl\brdrnil \clbrdrb\brdrnil \clbrdrr\brdrnil \clpadl200 \clpadr200 \gaph\cellx8640
\pard\intbl\itap1\pardeftab720\qr\partightenfactor0
\cf2 \cell 
\pard\intbl\itap1\pardeftab720\partightenfactor0
\cf2     "site": "https://estudante.ifpb.edu.br/noticias/mestrado-profissional-do-programa-de-pos-graduacao-em-tecnologia-da-informacao/",\cell \row

\itap1\trowd \taflags1 \trgaph108\trleft-108 \trcbpat3 \trbrdrl\brdrnil \trbrdrr\brdrnil 
\clvertalt \clshdrawnil \clwWidth1000\clftsWidth3 \clminw1000 \clbrdrt\brdrnil \clbrdrl\brdrnil \clbrdrb\brdrnil \clbrdrr\brdrnil \clpadl200 \clpadr200 \gaph\cellx4320
\clvertalt \clshdrawnil \clwWidth69387\clftsWidth3 \clbrdrt\brdrnil \clbrdrl\brdrnil \clbrdrb\brdrnil \clbrdrr\brdrnil \clpadl200 \clpadr200 \gaph\cellx8640
\pard\intbl\itap1\pardeftab720\qr\partightenfactor0
\cf2 \cell 
\pard\intbl\itap1\pardeftab720\partightenfactor0
\cf2     "descricao": "O programa de P\'f3s-gradua\'e7\'e3o em Tecnologia da Informa\'e7\'e3o do IFPB possui 17 docentes credenciados que atuam nas linhas de pesquisa Gest\'e3o e Desenvolvimento de Sistemas (GDS) e Redes e Sistemas Distribu\'eddos (RSD). O Mestrado tem o foco na forma\'e7\'e3o de profissionais que atuem com pesquisa aplicada alinhada ao setor produtivo e no desenvolvimento de produtos e processos tecnol\'f3gicos inovadores.",\cell \row

\itap1\trowd \taflags1 \trgaph108\trleft-108 \trcbpat3 \trbrdrl\brdrnil \trbrdrr\brdrnil 
\clvertalt \clshdrawnil \clwWidth1000\clftsWidth3 \clminw1000 \clbrdrt\brdrnil \clbrdrl\brdrnil \clbrdrb\brdrnil \clbrdrr\brdrnil \clpadl200 \clpadr200 \gaph\cellx4320
\clvertalt \clshdrawnil \clwWidth69387\clftsWidth3 \clbrdrt\brdrnil \clbrdrl\brdrnil \clbrdrb\brdrnil \clbrdrr\brdrnil \clpadl200 \clpadr200 \gaph\cellx8640
\pard\intbl\itap1\pardeftab720\qr\partightenfactor0
\cf2 \cell 
\pard\intbl\itap1\pardeftab720\partightenfactor0
\cf2     "criteriosSelecao": "An\'e1lise de curr\'edculo",\cell \row

\itap1\trowd \taflags1 \trgaph108\trleft-108 \trcbpat3 \trbrdrl\brdrnil \trbrdrr\brdrnil 
\clvertalt \clshdrawnil \clwWidth1000\clftsWidth3 \clminw1000 \clbrdrt\brdrnil \clbrdrl\brdrnil \clbrdrb\brdrnil \clbrdrr\brdrnil \clpadl200 \clpadr200 \gaph\cellx4320
\clvertalt \clshdrawnil \clwWidth69387\clftsWidth3 \clbrdrt\brdrnil \clbrdrl\brdrnil \clbrdrb\brdrnil \clbrdrr\brdrnil \clpadl200 \clpadr200 \gaph\cellx8640
\pard\intbl\itap1\pardeftab720\qr\partightenfactor0
\cf2 \cell 
\pard\intbl\itap1\pardeftab720\partightenfactor0
\cf2     "situacao": "Inscri\'e7\'f5es Abertas"\cell \row

\itap1\trowd \taflags1 \trgaph108\trleft-108 \trcbpat3 \trbrdrl\brdrnil \trbrdrr\brdrnil 
\clvertalt \clshdrawnil \clwWidth1000\clftsWidth3 \clminw1000 \clbrdrt\brdrnil \clbrdrl\brdrnil \clbrdrb\brdrnil \clbrdrr\brdrnil \clpadl200 \clpadr200 \gaph\cellx4320
\clvertalt \clshdrawnil \clwWidth69387\clftsWidth3 \clbrdrt\brdrnil \clbrdrl\brdrnil \clbrdrb\brdrnil \clbrdrr\brdrnil \clpadl200 \clpadr200 \gaph\cellx8640
\pard\intbl\itap1\pardeftab720\qr\partightenfactor0
\cf2 \cell 
\pard\intbl\itap1\pardeftab720\partightenfactor0
\cf2     \},\cell \row

\itap1\trowd \taflags1 \trgaph108\trleft-108 \trcbpat3 \trbrdrl\brdrnil \trbrdrr\brdrnil 
\clvertalt \clshdrawnil \clwWidth1000\clftsWidth3 \clminw1000 \clbrdrt\brdrnil \clbrdrl\brdrnil \clbrdrb\brdrnil \clbrdrr\brdrnil \clpadl200 \clpadr200 \gaph\cellx4320
\clvertalt \clshdrawnil \clwWidth69387\clftsWidth3 \clbrdrt\brdrnil \clbrdrl\brdrnil \clbrdrb\brdrnil \clbrdrr\brdrnil \clpadl200 \clpadr200 \gaph\cellx8640
\pard\intbl\itap1\pardeftab720\qr\partightenfactor0
\cf2 \cell 
\pard\intbl\itap1\pardeftab720\partightenfactor0
\cf2     \{\cell \row

\itap1\trowd \taflags1 \trgaph108\trleft-108 \trcbpat3 \trbrdrl\brdrnil \trbrdrr\brdrnil 
\clvertalt \clshdrawnil \clwWidth1000\clftsWidth3 \clminw1000 \clbrdrt\brdrnil \clbrdrl\brdrnil \clbrdrb\brdrnil \clbrdrr\brdrnil \clpadl200 \clpadr200 \gaph\cellx4320
\clvertalt \clshdrawnil \clwWidth69387\clftsWidth3 \clbrdrt\brdrnil \clbrdrl\brdrnil \clbrdrb\brdrnil \clbrdrr\brdrnil \clpadl200 \clpadr200 \gaph\cellx8640
\pard\intbl\itap1\pardeftab720\qr\partightenfactor0
\cf2 \cell 
\pard\intbl\itap1\pardeftab720\partightenfactor0
\cf2     "nome": "Mestrado em Tecnologia de Alimentos",\cell \row

\itap1\trowd \taflags1 \trgaph108\trleft-108 \trcbpat3 \trbrdrl\brdrnil \trbrdrr\brdrnil 
\clvertalt \clshdrawnil \clwWidth1000\clftsWidth3 \clminw1000 \clbrdrt\brdrnil \clbrdrl\brdrnil \clbrdrb\brdrnil \clbrdrr\brdrnil \clpadl200 \clpadr200 \gaph\cellx4320
\clvertalt \clshdrawnil \clwWidth69387\clftsWidth3 \clbrdrt\brdrnil \clbrdrl\brdrnil \clbrdrb\brdrnil \clbrdrr\brdrnil \clpadl200 \clpadr200 \gaph\cellx8640
\pard\intbl\itap1\pardeftab720\qr\partightenfactor0
\cf2 \cell 
\pard\intbl\itap1\pardeftab720\partightenfactor0
\cf2     "idCurso": "5",\cell \row

\itap1\trowd \taflags1 \trgaph108\trleft-108 \trcbpat3 \trbrdrl\brdrnil \trbrdrr\brdrnil 
\clvertalt \clshdrawnil \clwWidth1000\clftsWidth3 \clminw1000 \clbrdrt\brdrnil \clbrdrl\brdrnil \clbrdrb\brdrnil \clbrdrr\brdrnil \clpadl200 \clpadr200 \gaph\cellx4320
\clvertalt \clshdrawnil \clwWidth69387\clftsWidth3 \clbrdrt\brdrnil \clbrdrl\brdrnil \clbrdrb\brdrnil \clbrdrr\brdrnil \clpadl200 \clpadr200 \gaph\cellx8640
\pard\intbl\itap1\pardeftab720\qr\partightenfactor0
\cf2 \cell 
\pard\intbl\itap1\pardeftab720\partightenfactor0
\cf2     "formaRealizacao": "Presencial",\cell \row

\itap1\trowd \taflags1 \trgaph108\trleft-108 \trcbpat3 \trbrdrl\brdrnil \trbrdrr\brdrnil 
\clvertalt \clshdrawnil \clwWidth1000\clftsWidth3 \clminw1000 \clbrdrt\brdrnil \clbrdrl\brdrnil \clbrdrb\brdrnil \clbrdrr\brdrnil \clpadl200 \clpadr200 \gaph\cellx4320
\clvertalt \clshdrawnil \clwWidth69387\clftsWidth3 \clbrdrt\brdrnil \clbrdrl\brdrnil \clbrdrb\brdrnil \clbrdrr\brdrnil \clpadl200 \clpadr200 \gaph\cellx8640
\pard\intbl\itap1\pardeftab720\qr\partightenfactor0
\cf2 \cell 
\pard\intbl\itap1\pardeftab720\partightenfactor0
\cf2     "foto": "https://abctreinamentos.com.br/imgs/cursos/mestrado-alimentos.png",\cell \row

\itap1\trowd \taflags1 \trgaph108\trleft-108 \trcbpat3 \trbrdrl\brdrnil \trbrdrr\brdrnil 
\clvertalt \clshdrawnil \clwWidth1000\clftsWidth3 \clminw1000 \clbrdrt\brdrnil \clbrdrl\brdrnil \clbrdrb\brdrnil \clbrdrr\brdrnil \clpadl200 \clpadr200 \gaph\cellx4320
\clvertalt \clshdrawnil \clwWidth69387\clftsWidth3 \clbrdrt\brdrnil \clbrdrl\brdrnil \clbrdrb\brdrnil \clbrdrr\brdrnil \clpadl200 \clpadr200 \gaph\cellx8640
\pard\intbl\itap1\pardeftab720\qr\partightenfactor0
\cf2 \cell 
\pard\intbl\itap1\pardeftab720\partightenfactor0
\cf2     "local": "Goi\'e2nia",\cell \row

\itap1\trowd \taflags1 \trgaph108\trleft-108 \trcbpat3 \trbrdrl\brdrnil \trbrdrr\brdrnil 
\clvertalt \clshdrawnil \clwWidth1000\clftsWidth3 \clminw1000 \clbrdrt\brdrnil \clbrdrl\brdrnil \clbrdrb\brdrnil \clbrdrr\brdrnil \clpadl200 \clpadr200 \gaph\cellx4320
\clvertalt \clshdrawnil \clwWidth69387\clftsWidth3 \clbrdrt\brdrnil \clbrdrl\brdrnil \clbrdrb\brdrnil \clbrdrr\brdrnil \clpadl200 \clpadr200 \gaph\cellx8640
\pard\intbl\itap1\pardeftab720\qr\partightenfactor0
\cf2 \cell 
\pard\intbl\itap1\pardeftab720\partightenfactor0
\cf2     "ofertante": "IF-Goi\'e1s",\cell \row

\itap1\trowd \taflags1 \trgaph108\trleft-108 \trcbpat3 \trbrdrl\brdrnil \trbrdrr\brdrnil 
\clvertalt \clshdrawnil \clwWidth1000\clftsWidth3 \clminw1000 \clbrdrt\brdrnil \clbrdrl\brdrnil \clbrdrb\brdrnil \clbrdrr\brdrnil \clpadl200 \clpadr200 \gaph\cellx4320
\clvertalt \clshdrawnil \clwWidth69387\clftsWidth3 \clbrdrt\brdrnil \clbrdrl\brdrnil \clbrdrb\brdrnil \clbrdrr\brdrnil \clpadl200 \clpadr200 \gaph\cellx8640
\pard\intbl\itap1\pardeftab720\qr\partightenfactor0
\cf2 \cell 
\pard\intbl\itap1\pardeftab720\partightenfactor0
\cf2     "periodoInscricao": "01/11/2022 a 31/11/2022",\cell \row

\itap1\trowd \taflags1 \trgaph108\trleft-108 \trcbpat3 \trbrdrl\brdrnil \trbrdrr\brdrnil 
\clvertalt \clshdrawnil \clwWidth1000\clftsWidth3 \clminw1000 \clbrdrt\brdrnil \clbrdrl\brdrnil \clbrdrb\brdrnil \clbrdrr\brdrnil \clpadl200 \clpadr200 \gaph\cellx4320
\clvertalt \clshdrawnil \clwWidth69387\clftsWidth3 \clbrdrt\brdrnil \clbrdrl\brdrnil \clbrdrb\brdrnil \clbrdrr\brdrnil \clpadl200 \clpadr200 \gaph\cellx8640
\pard\intbl\itap1\pardeftab720\qr\partightenfactor0
\cf2 \cell 
\pard\intbl\itap1\pardeftab720\partightenfactor0
\cf2     "vagas": "30",\cell \row

\itap1\trowd \taflags1 \trgaph108\trleft-108 \trcbpat3 \trbrdrl\brdrnil \trbrdrr\brdrnil 
\clvertalt \clshdrawnil \clwWidth1000\clftsWidth3 \clminw1000 \clbrdrt\brdrnil \clbrdrl\brdrnil \clbrdrb\brdrnil \clbrdrr\brdrnil \clpadl200 \clpadr200 \gaph\cellx4320
\clvertalt \clshdrawnil \clwWidth69387\clftsWidth3 \clbrdrt\brdrnil \clbrdrl\brdrnil \clbrdrb\brdrnil \clbrdrr\brdrnil \clpadl200 \clpadr200 \gaph\cellx8640
\pard\intbl\itap1\pardeftab720\qr\partightenfactor0
\cf2 \cell 
\pard\intbl\itap1\pardeftab720\partightenfactor0
\cf2     "periodoRealizacao": "01/12/2022 a 31/12/2024",\cell \row

\itap1\trowd \taflags1 \trgaph108\trleft-108 \trcbpat3 \trbrdrl\brdrnil \trbrdrr\brdrnil 
\clvertalt \clshdrawnil \clwWidth1000\clftsWidth3 \clminw1000 \clbrdrt\brdrnil \clbrdrl\brdrnil \clbrdrb\brdrnil \clbrdrr\brdrnil \clpadl200 \clpadr200 \gaph\cellx4320
\clvertalt \clshdrawnil \clwWidth69387\clftsWidth3 \clbrdrt\brdrnil \clbrdrl\brdrnil \clbrdrb\brdrnil \clbrdrr\brdrnil \clpadl200 \clpadr200 \gaph\cellx8640
\pard\intbl\itap1\pardeftab720\qr\partightenfactor0
\cf2 \cell 
\pard\intbl\itap1\pardeftab720\partightenfactor0
\cf2     "valor": "0",\cell \row

\itap1\trowd \taflags1 \trgaph108\trleft-108 \trcbpat3 \trbrdrl\brdrnil \trbrdrr\brdrnil 
\clvertalt \clshdrawnil \clwWidth1000\clftsWidth3 \clminw1000 \clbrdrt\brdrnil \clbrdrl\brdrnil \clbrdrb\brdrnil \clbrdrr\brdrnil \clpadl200 \clpadr200 \gaph\cellx4320
\clvertalt \clshdrawnil \clwWidth69387\clftsWidth3 \clbrdrt\brdrnil \clbrdrl\brdrnil \clbrdrb\brdrnil \clbrdrr\brdrnil \clpadl200 \clpadr200 \gaph\cellx8640
\pard\intbl\itap1\pardeftab720\qr\partightenfactor0
\cf2 \cell 
\pard\intbl\itap1\pardeftab720\partightenfactor0
\cf2     "tipo": "Mestrado",\cell \row

\itap1\trowd \taflags1 \trgaph108\trleft-108 \trcbpat3 \trbrdrl\brdrnil \trbrdrr\brdrnil 
\clvertalt \clshdrawnil \clwWidth1000\clftsWidth3 \clminw1000 \clbrdrt\brdrnil \clbrdrl\brdrnil \clbrdrb\brdrnil \clbrdrr\brdrnil \clpadl200 \clpadr200 \gaph\cellx4320
\clvertalt \clshdrawnil \clwWidth69387\clftsWidth3 \clbrdrt\brdrnil \clbrdrl\brdrnil \clbrdrb\brdrnil \clbrdrr\brdrnil \clpadl200 \clpadr200 \gaph\cellx8640
\pard\intbl\itap1\pardeftab720\qr\partightenfactor0
\cf2 \cell 
\pard\intbl\itap1\pardeftab720\partightenfactor0
\cf2     "site": "https://sistemas.ifgoiano.edu.br/sgcursos/index.php?id_curso=MTE=&p=pos-graduacao",\cell \row

\itap1\trowd \taflags1 \trgaph108\trleft-108 \trcbpat3 \trbrdrl\brdrnil \trbrdrr\brdrnil 
\clvertalt \clshdrawnil \clwWidth1000\clftsWidth3 \clminw1000 \clbrdrt\brdrnil \clbrdrl\brdrnil \clbrdrb\brdrnil \clbrdrr\brdrnil \clpadl200 \clpadr200 \gaph\cellx4320
\clvertalt \clshdrawnil \clwWidth69387\clftsWidth3 \clbrdrt\brdrnil \clbrdrl\brdrnil \clbrdrb\brdrnil \clbrdrr\brdrnil \clpadl200 \clpadr200 \gaph\cellx8640
\pard\intbl\itap1\pardeftab720\qr\partightenfactor0
\cf2 \cell 
\pard\intbl\itap1\pardeftab720\partightenfactor0
\cf2     "descricao": "O Programa de P\'f3s-gradua\'e7\'e3o em Tecnologia de Alimentos visa aprofundar os conhecimentos cient\'edficos adquiridos na forma\'e7\'e3o acad\'eamica; prromover a compet\'eancia profissional, \'e9tica e cient\'edfica, forma\'e7\'e3o de docentes e ou pesquisadores para gerar e adaptar conhecimentos e/ou tecnologias em ci\'eancias agr\'e1rias; Formar profissionais que possam atuar como pesquisadores e/ou como docentes da educa\'e7\'e3o profissional, da gradua\'e7\'e3o e especializa\'e7\'e3o.",\cell \row

\itap1\trowd \taflags1 \trgaph108\trleft-108 \trcbpat3 \trbrdrl\brdrnil \trbrdrr\brdrnil 
\clvertalt \clshdrawnil \clwWidth1000\clftsWidth3 \clminw1000 \clbrdrt\brdrnil \clbrdrl\brdrnil \clbrdrb\brdrnil \clbrdrr\brdrnil \clpadl200 \clpadr200 \gaph\cellx4320
\clvertalt \clshdrawnil \clwWidth69387\clftsWidth3 \clbrdrt\brdrnil \clbrdrl\brdrnil \clbrdrb\brdrnil \clbrdrr\brdrnil \clpadl200 \clpadr200 \gaph\cellx8640
\pard\intbl\itap1\pardeftab720\qr\partightenfactor0
\cf2 \cell 
\pard\intbl\itap1\pardeftab720\partightenfactor0
\cf2     "criteriosSelecao": "An\'e1lise de curr\'edculo",\cell \row

\itap1\trowd \taflags1 \trgaph108\trleft-108 \trcbpat3 \trbrdrl\brdrnil \trbrdrr\brdrnil 
\clvertalt \clshdrawnil \clwWidth1000\clftsWidth3 \clminw1000 \clbrdrt\brdrnil \clbrdrl\brdrnil \clbrdrb\brdrnil \clbrdrr\brdrnil \clpadl200 \clpadr200 \gaph\cellx4320
\clvertalt \clshdrawnil \clwWidth69387\clftsWidth3 \clbrdrt\brdrnil \clbrdrl\brdrnil \clbrdrb\brdrnil \clbrdrr\brdrnil \clpadl200 \clpadr200 \gaph\cellx8640
\pard\intbl\itap1\pardeftab720\qr\partightenfactor0
\cf2 \cell 
\pard\intbl\itap1\pardeftab720\partightenfactor0
\cf2     "situacao": "Inscri\'e7\'f5es Abertas"\cell \row

\itap1\trowd \taflags1 \trgaph108\trleft-108 \trcbpat3 \trbrdrl\brdrnil \trbrdrr\brdrnil 
\clvertalt \clshdrawnil \clwWidth1000\clftsWidth3 \clminw1000 \clbrdrt\brdrnil \clbrdrl\brdrnil \clbrdrb\brdrnil \clbrdrr\brdrnil \clpadl200 \clpadr200 \gaph\cellx4320
\clvertalt \clshdrawnil \clwWidth69387\clftsWidth3 \clbrdrt\brdrnil \clbrdrl\brdrnil \clbrdrb\brdrnil \clbrdrr\brdrnil \clpadl200 \clpadr200 \gaph\cellx8640
\pard\intbl\itap1\pardeftab720\qr\partightenfactor0
\cf2 \cell 
\pard\intbl\itap1\pardeftab720\partightenfactor0
\cf2     \}\cell \row

\itap1\trowd \taflags1 \trgaph108\trleft-108 \trcbpat3 \trbrdrl\brdrnil \trbrdrt\brdrnil \trbrdrr\brdrnil 
\clvertalt \clshdrawnil \clwWidth1000\clftsWidth3 \clminw1000 \clbrdrt\brdrnil \clbrdrl\brdrnil \clbrdrb\brdrnil \clbrdrr\brdrnil \clpadl200 \clpadr200 \gaph\cellx4320
\clvertalt \clshdrawnil \clwWidth69387\clftsWidth3 \clbrdrt\brdrnil \clbrdrl\brdrnil \clbrdrb\brdrnil \clbrdrr\brdrnil \clpadl200 \clpadr200 \gaph\cellx8640
\pard\intbl\itap1\pardeftab720\qr\partightenfactor0
\cf2 \cell 
\pard\intbl\itap1\pardeftab720\partightenfactor0
\cf2     ]\cell \lastrow\row
}