[
  {
    "matricula": 3,
    "nome": "Maria Fontenele",
    "foto": "https://abctreinamentos.com.br/imgs/maria.png",
    "orgao": "ENAP",
    "vinculo": "Estatutário",
    "cargo": "Analista",
    "lotacao": "Brasília",
    "exercicio": "Departamento de Treinamento",
    "email": "mariafontenele@enap.br",
    "telefone": "(61) 3255-6010",
    "celular": "(61) 99910-5722",
    "cpf": "123.4567.789-01",
    "naturalidade": "Recife"
  },
  {
    "matricula": 4,
    "nome": "Paulo Sampaio",
    "foto": "https://abctreinamentos.com.br/imgs/paulo.png",
    "orgao": "RFB",
    "vinculo": "Estatutário",
    "cargo": "Auditor-Fiscal",
    "lotacao": "São Paulo",
    "exercicio": "Departamento de Fiscalização",
    "email": "paulosampaio@rfb.gov.br",
    "telefone": "(11) 3255-6010",
    "celular": "(11) 99910-5713",
    "cpf": "123.4567.789-01",
    "naturalidade": "Campinas"
  },
  {
    "matricula": 5,
    "nome": "Caio Santos",
    "foto": "https://abctreinamentos.com.br/imgs/caio.png",
    "orgao": "RFB",
    "vinculo": "Estatutário",
    "cargo": "Analista Tributário",
    "lotacao": "Rio de Janeiro",
    "exercicio": "Departamento de TI",
    "email": "caiosantos@rfb.gov.br",
    "telefone": "(21) 3255-6010",
    "celular": "(21) 99910-5713",
    "cpf": "123.4567.789-01",
    "naturalidade": "Niterói"
  },
  {
    "matricula": 10,
    "nome": "Antonio Maria",
    "foto": "https://abctreinamentos.com.br/imgs/antonio.png",
    "orgao": "Ministério das Relações Exteriores",
    "vinculo": "Estatutário",
    "cargo": "Diplomata",
    "lotacao": "Buenos Aires",
    "exercicio": "Embaixadas",
    "email": "antonio@mre.br",
    "telefone": "(000) 3000-0000",
    "celular": "(000) 90000-0000",
    "cpf": "111.222.333-44",
    "naturalidade": "Brasília"
  }
 ]